ISBN,レーベル名,レーベル名カナ,タイトル,出版社名,出版社名カナ,作者名,作者名カナ,発売日,本体価格,版型
9784253100557,None,None,となりのロボット,秋田書店,アキタショテン,西UKO,ニシユウコ,2014-11-14,830,A5
9784781614427,None,None,さびしすぎてレズ風俗に行きましたレポ,イースト・プレス,イーストプレス,永田カビ,ナガタカビ,2016-06-30,925,A5
9784758070294,百合姫コミックス,ユリヒメコミックス,百合姫 Wildrose 2,一迅社,イチジンシャ,None,None,2008-07-18,848,A5
9784758070423,百合姫コミックス,ユリヒメコミックス,百合姫 Wildrose 3,一迅社,イチジンシャ,None,None,2009-04-18,848,A5
9784758073257,百合姫コミックス,ユリヒメコミックス,百合姫 Wildrose 8,一迅社,イチジンシャ,None,None,2014-07-18,852,A5
9784758077880,百合姫コミックス,ユリヒメコミックス,citrus コミックアンソロジー,一迅社,イチジンシャ,None,None,2018-02-16,852,A5
9784758079174,百合姫コミックス,ユリヒメコミックス,いちゃらぶしかない百合アンソロジーコミック,一迅社,イチジンシャ,None,None,2019-02-27,900,A5
9784758073332,百合姫コミックス,ユリヒメコミックス,philosophia,一迅社,イチジンシャ,天野しゅにんた,アマノシュニンタ,2014-08-19,926,A5
9784758071864,百合姫コミックス,ユリヒメコミックス,最低女神,一迅社,イチジンシャ,井村瑛,イムラエイ,2012-04-18,857,A5
9784758072984,百合姫コミックス,ユリヒメコミックス,イノセントノイズ,一迅社,イチジンシャ,井村瑛,イムラエイ,2014-04-18,926,A5
9784758071932,百合姫コミックス,ユリヒメコミックス,裸足のキメラ,一迅社,イチジンシャ,大北紘子,オオキタヒロコ,2012-05-18,857,A5
9784758072441,百合姫コミックス,ユリヒメコミックス,月と泥,一迅社,イチジンシャ,大北紘子,オオキタヒロコ,2013-05-18,857,A5
9784758073196,百合姫コミックス,ユリヒメコミックス,Vespa,一迅社,イチジンシャ,大北紘子,オオキタヒロコ,2014-06-19,926,A5
9784758071246,百合姫コミックス,ユリヒメコミックス,さよならフォークロア,一迅社,イチジンシャ,かずまこを,カズマコヲ,2010-11-18,857,A5
9784758072243,百合姫コミックス,ユリヒメコミックス,犬神さんと猫山さん 1,一迅社,イチジンシャ,くずしろ,クズシロ,2013-01-18,819,A5
9784758072793,百合姫コミックス,ユリヒメコミックス,犬神さんと猫山さん 2,一迅社,イチジンシャ,くずしろ,クズシロ,2013-11-18,819,A5
9784758072991,百合姫コミックス,ユリヒメコミックス,犬神さんと猫山さん 3,一迅社,イチジンシャ,くずしろ,クズシロ,2014-04-18,819,A5
9784758073981,百合姫コミックス,ユリヒメコミックス,犬神さんと猫山さん 4,一迅社,イチジンシャ,くずしろ,クズシロ,2015-03-18,819,A5
9784758074131,百合姫コミックス,ユリヒメコミックス,龍崎さんと虎生さん~百合姫短編集~,一迅社,イチジンシャ,くずしろ,クズシロ,2015-07-18,852,A5
9784758075411,百合姫コミックス,ユリヒメコミックス,犬神さんと猫山さん 5,一迅社,イチジンシャ,くずしろ,クズシロ,2016-06-18,819,A5
9784758076982,百合姫コミックス,ユリヒメコミックス,犬神さんと猫山さん 6,一迅社,イチジンシャ,くずしろ,クズシロ,2017-08-03,819,A5
9784758071550,百合姫コミックス,ユリヒメコミックス,水色エーテル,一迅社,イチジンシャ,黒霧操,クロキリミサオ,2011-07-16,857,A5
9784758073738,百合姫コミックス,ユリヒメコミックス,新装版 レンアイマンガ,一迅社,イチジンシャ,コダマナオコ,コダマナオコ,2014-11-18,926,A5
9784758071420,百合姫コミックス,ユリヒメコミックス,恋愛遺伝子XX 1,一迅社,イチジンシャ,蔵王大志,ザオウタイシ,2011-06-18,857,A5
9784758072892,百合姫コミックス,ユリヒメコミックス,恋愛遺伝子XX 2,一迅社,イチジンシャ,蔵王大志,ザオウタイシ,2014-01-18,857,A5
9784758072250,百合姫コミックス,ユリヒメコミックス,沼、暗闇、夜の森,一迅社,イチジンシャ,さかもと麻乃,サカモトマノ,2013-01-18,857,A5
9784758077736,百合姫コミックス,ユリヒメコミックス,私に体、売ってみない?,一迅社,イチジンシャ,真田ハイジ,サナダハイジ,2018-01-18,900,A5
9784758072649,百合姫コミックス,ユリヒメコミックス,citrus 1,一迅社,イチジンシャ,サブロウタ,サブロウタ,2013-07-18,857,A5
9784758072977,百合姫コミックス,ユリヒメコミックス,citrus 2,一迅社,イチジンシャ,サブロウタ,サブロウタ,2014-04-18,857,A5
9784758073721,百合姫コミックス,ユリヒメコミックス,citrus 3,一迅社,イチジンシャ,サブロウタ,サブロウタ,2014-11-18,852,A5
9784758074490,百合姫コミックス,ユリヒメコミックス,citrus 4,一迅社,イチジンシャ,サブロウタ,サブロウタ,2015-07-18,1800,A5
9784758075459,百合姫コミックス,ユリヒメコミックス,citrus 5,一迅社,イチジンシャ,サブロウタ,サブロウタ,2016-05-18,1200,A5
9784758076258,百合姫コミックス,ユリヒメコミックス,citrus 6,一迅社,イチジンシャ,サブロウタ,サブロウタ,2016-12-17,1200,A5
9784758076807,百合姫コミックス,ユリヒメコミックス,citrus 7,一迅社,イチジンシャ,サブロウタ,サブロウタ,2017-06-16,1200,A5
9784758077439,百合姫コミックス,ユリヒメコミックス,citrus 8,一迅社,イチジンシャ,サブロウタ,サブロウタ,2017-10-18,1350,A5
9784758077941,百合姫コミックス,ユリヒメコミックス,citrus 9,一迅社,イチジンシャ,サブロウタ,サブロウタ,2018-03-23,1800,A5
9784758078740,百合姫コミックス,ユリヒメコミックス,citrus 10,一迅社,イチジンシャ,サブロウタ,サブロウタ,2018-10-31,1200,A5
9784758072748,百合姫コミックス,ユリヒメコミックス,星降り坂一丁目三番地,一迅社,イチジンシャ,慎結,シンユイ,2013-08-17,857,A5
9784758072564,百合姫コミックス,ユリヒメコミックス,月と世界とエトワール 1,一迅社,イチジンシャ,高上優里子,タカガミユリコ,2013-06-18,857,A5
9784758072878,百合姫コミックス,ユリヒメコミックス,月と世界とエトワール 2,一迅社,イチジンシャ,高上優里子,タカガミユリコ,2014-01-18,857,A5
9784758073356,百合姫コミックス,ユリヒメコミックス,月と世界とエトワール 3,一迅社,イチジンシャ,高上優里子,タカガミユリコ,2014-08-19,926,A5
9784758073967,百合姫コミックス,ユリヒメコミックス,月と世界とエトワール 4,一迅社,イチジンシャ,高上優里子,タカガミユリコ,2015-03-18,926,A5
9784758072779,百合姫コミックス,ユリヒメコミックス,スズラン手帖,一迅社,イチジンシャ,タカハシマコ,タカハシマコ,2013-09-18,857,A5
9784758075978,百合姫コミックス,ユリヒメコミックス,恋愛ログ,一迅社,イチジンシャ,竹宮ジン,タケミヤジン,2016-10-18,852,A5
9784758078597,百合姫コミックス,ユリヒメコミックス,完全版 フィダンツァートのためいき,一迅社,イチジンシャ,田中琳,タナカリン,2018-08-17,1380,A5
9784758072168,百合姫コミックス,ユリヒメコミックス,わがままミルフィーユ,一迅社,イチジンシャ,ちさこ,チサコ,2012-10-18,857,A5
9784758072885,百合姫コミックス,ユリヒメコミックス,ダークチェリーと少女A,一迅社,イチジンシャ,ちさこ,チサコ,2014-01-18,857,A5
9784758075985,百合姫コミックス,ユリヒメコミックス,ジャックポットに微笑んで,一迅社,イチジンシャ,つつい,ツツイ,2016-10-18,852,A5
9784758077637,百合姫コミックス,ユリヒメコミックス,指先から滑り落ちるバレッタ,一迅社,イチジンシャ,つつい,ツツイ,2017-12-18,852,A5
9784758078450,百合姫コミックス,ユリヒメコミックス,イヴとイヴ,一迅社,イチジンシャ,長代ルージュ,ナガシロルージュ,2018-07-18,852,A5
9784758076814,百合姫コミックス,ユリヒメコミックス,吾妻さんと板倉先輩は恋をする。,一迅社,イチジンシャ,中村ユキチ,ナカムラユキチ,201705-18,852,A5
9784758076869,百合姫コミックス,ユリヒメコミックス,貝とオルタナロック,一迅社,イチジンシャ,なこ,ナコ,2017-06-16,852,A5
9784758070553,百合姫コミックス,ユリヒメコミックス,ゆるゆり 1,一迅社,イチジンシャ,なもり,ナモリ,2009-07-18,857,A5
9784758070706,百合姫コミックス,ユリヒメコミックス,ゆるゆり 2,一迅社,イチジンシャ,なもり,ナモリ,2010-01-18,857,A5
9784758070904,百合姫コミックス,ユリヒメコミックス,ゆるゆり 3,一迅社,イチジンシャ,なもり,ナモリ,2010-06-18,857,A5
9784758071208,百合姫コミックス,ユリヒメコミックス,ゆるゆり 4,一迅社,イチジンシャ,なもり,ナモリ,2011-01-18,857,A5
9784758071475,百合姫コミックス,ユリヒメコミックス,ゆるゆり 5,一迅社,イチジンシャ,なもり,ナモリ,2011-05-18,857,A5
9784758071505,百合姫コミックス,ユリヒメコミックス,ゆるゆり 6,一迅社,イチジンシャ,なもり,ナモリ,2011-06-18,857,A5
9784758071451,百合姫コミックス,ユリヒメコミックス,ゆるゆり 7,一迅社,イチジンシャ,なもり,ナモリ,2011-07-28,857,A5
9784758072014,百合姫コミックス,ユリヒメコミックス,ゆるゆり 8,一迅社,イチジンシャ,なもり,ナモリ,2012-07-23,1400,A5
9784758072021,百合姫コミックス,ユリヒメコミックス,ゆりゆり,一迅社,イチジンシャ,なもり,ナモリ,2012-07-25,857,A5
9784758072038,百合姫コミックス,ユリヒメコミックス,ゆるゆり 9,一迅社,イチジンシャ,なもり,ナモリ,2012-07-26,857,A5
9784758072526,百合姫コミックス,ユリヒメコミックス,ゆるゆり 10,一迅社,イチジンシャ,なもり,ナモリ,2013-06-01,1714,A5
9784758072502,百合姫コミックス,ユリヒメコミックス,大室家 1,一迅社,イチジンシャ,なもり,ナモリ,2013-08-01,1500,A5
9784758072915,百合姫コミックス,ユリヒメコミックス,ゆるゆり 11,一迅社,イチジンシャ,なもり,ナモリ,2014-02-01,1143,A5
9784758073295,百合姫コミックス,ユリヒメコミックス,大室家 2,一迅社,イチジンシャ,なもり,ナモリ,2014-08-04,1110,A5
9784758073271,百合姫コミックス,ユリヒメコミックス,ゆるゆり 12,一迅社,イチジンシャ,なもり,ナモリ,2014-08-19,1143,A5
9784758073912,百合姫コミックス,ユリヒメコミックス,ゆるゆり 13,一迅社,イチジンシャ,なもり,ナモリ,2015-02-04,1143,A5
9784758075213,百合姫コミックス,ユリヒメコミックス,ゆるゆり 14,一迅社,イチジンシャ,なもり,ナモリ,2016-01-18,1143,A5
9784758076753,百合姫コミックス,ユリヒメコミックス,ゆるゆり 15,一迅社,イチジンシャ,なもり,ナモリ,2017-05-31,1143,A5
9784758077767,百合姫コミックス,ユリヒメコミックス,ゆるゆり 16,一迅社,イチジンシャ,なもり,ナモリ,2018-01-30,1143,A5
9784758070218,百合姫コミックス,ユリヒメコミックス,夜空の王子と朝焼けの姫,一迅社,イチジンシャ,袴田めら,ハカマダメラ,2007-07-18,857,A5
9784758070577,百合姫コミックス,ユリヒメコミックス,この願いが叶うなら,一迅社,イチジンシャ,袴田めら,ハカマダメラ,2009-07-18,857,A5
9784758071185,百合姫コミックス,ユリヒメコミックス,それが君になる,一迅社,イチジンシャ,袴田めら,ハカマダメラ,2010-10-18,857,A5
9784758070461,百合姫コミックス,ユリヒメコミックス,飴色紅茶館歓談 1,一迅社,イチジンシャ,藤枝雅,フジエダミヤビ,2009-07-18,857,A5
9784758071673,百合姫コミックス,ユリヒメコミックス,飴色紅茶館歓談 2,一迅社,イチジンシャ,藤枝雅,フジエダミヤビ,2011-11-18,857,A5
9784758074513,百合姫コミックス,ユリヒメコミックス,きらぼしのはこ,一迅社,イチジンシャ,真昼てく,マヒルテク,2015-08-18,852,A5
9784758076234,百合姫コミックス,ユリヒメコミックス,これでわかってよ!,一迅社,イチジンシャ,みもと,ミモト,2016-12-17,852,A5
9784758077743,百合姫コミックス,ユリヒメコミックス,女の子のいちばんやわらかいところ。,一迅社,イチジンシャ,宮田ワルツ,ミヤタワルツ,2018-01-18,852,A5
9784758070751,百合姫コミックス,ユリヒメコミックス,キミ恋リミット,一迅社,イチジンシャ,百乃モト,モモノモト,2010-05-18,857,A5
9784758072786,百合姫コミックス,ユリヒメコミックス,レイニーソング,一迅社,イチジンシャ,百乃モト,モモノモト,2013-10-18,857,A5
9784758073066,百合姫コミックス,ユリヒメコミックス,トゥルー・トゥルー,一迅社,イチジンシャ,百乃モト,モモノモト,2014-05-17,926,A5
9784758075992,百合姫コミックス,ユリヒメコミックス,茜色のキスは屋上で,一迅社,イチジンシャ,百乃モト,モモノモト,2016-10-18,852,A5
9784758070249,百合姫コミックス,ユリヒメコミックス,楽園の条件,一迅社,イチジンシャ,森島明子,モリシマアキコ,2007-12-18,857,A5
9784758070607,百合姫コミックス,ユリヒメコミックス,瑠璃色の夢,一迅社,イチジンシャ,森島明子,モリシマアキコ,2009-08-18,857,A5
9784758072465,百合姫コミックス,ユリヒメコミックス,初めて、彼女と。,一迅社,イチジンシャ,森島明子,モリシマアキコ,2013-05-18,857,A5
9784758072434,百合姫コミックス,ユリヒメコミックス,女の子合わせ,一迅社,イチジンシャ,森島明子,モリシマアキコ,2013-05-18,857,A5
9784758070997,百合姫コミックス,ユリヒメコミックス,くちびるに透けたオレンジ,一迅社,イチジンシャ,ロクロイチ,ロクロイチ,2010-07-17,857,A5
9784778322731,None,None,とある結婚,太田出版,オオタシュッパン,熊鹿るり,クマシカルリ,2016-04-07,1000,A5
9784778320058,Fxcomics,エフエックスコミックス,青い花 1,太田出版,オオタシュッパン,志村貴子,シムラタカコ,2005-12-15,952,A5
9784778320324,Fxcomics,エフエックスコミックス,青い花 2,太田出版,オオタシュッパン,志村貴子,シムラタカコ,2006-12-14,952,A5
9784778320539,Fxcomics,エフエックスコミックス,青い花 3,太田出版,オオタシュッパン,志村貴子,シムラタカコ,2008-03-20,952,A5
9784778320843,Fxcomics,エフエックスコミックス,青い花 4,太田出版,オオタシュッパン,志村貴子,シムラタカコ,2009-04-23,952,A5
9784778321086,Fxcomics,エフエックスコミックス,青い花 5,太田出版,オオタシュッパン,志村貴子,シムラタカコ,2010-02-18,952,A5
9784778321413,Fxcomics,エフエックスコミックス,青い花 6,太田出版,オオタシュッパン,志村貴子,シムラタカコ,2011-05-12,952,A5
9784778321703,Fxcomics,エフエックスコミックス,青い花 7,太田出版,オオタシュッパン,志村貴子,シムラタカコ,2012-07-19,952,A5
9784778322090,Fxcomics,エフエックスコミックス,青い花 8,太田出版,オオタシュッパン,志村貴子,シムラタカコ,2013-09-12,952,A5
9784040698243,MFC,エムエフシー,ゆりぐらし,KADOKAWA,カドカワ,くるくる姫,クルクルヒメ,2018-05-26,920,A5
9784396767440,フィールコミックス,フィールコミックス,ララバイ・フォー・ガール,祥伝社,ショウデンシャ,松崎夏未,マツザキナツミ,2018-08-08,920,A5
9784403671210,ひらり、コミックス,ヒラリコミックス,あさがおと加瀬さん。,新書館,シンショカン,高嶋ひろみ,タカシマヒロミ,2012-07-28,850,A5
9784403671586,ひらり、コミックス,ヒラリコミックス,おべんとうと加瀬さん。,新書館,シンショカン,高嶋ひろみ,タカシマヒロミ,2014-07-30,850,A5
9784403671739,ひらり、コミックス,ヒラリコミックス,ショートケーキと加瀬さん。,新書館,シンショカン,高嶋ひろみ,タカシマヒロミ,2015-09-30,850,A5
9784403671760,ひらり、コミックス,ヒラリコミックス,エプロンと加瀬さん。,新書館,シンショカン,高嶋ひろみ,タカシマヒロミ,2017-07-25,850,A5
9784403671784,ひらり、コミックス,ヒラリコミックス,さくらと加瀬さん。,新書館,シンショカン,高嶋ひろみ,タカシマヒロミ,2018-05-19,850,A5
9784403621970,ひらり、コミックス,ヒラリコミックス,お姫様のひみつ,新書館,シンショカン,森永みるく,モリナガミルク,2015-05-30,850,A5
9784592711186,楽園コミックス,ラクエンコミックス,彼女中,白泉社,ハクセンシャ,黒咲練導,クロサキレンドウ,2017-05-31,880,A5
9784592710479,楽園コミックス,ラクエンコミックス,Collectors 1,白泉社,ハクセンシャ,西UKO,ニシユウコ,2012-11-30,838,A5
9784592710714,楽園コミックス,ラクエンコミックス,宝石色の恋 西UKO作品集,白泉社,ハクセンシャ,西UKO,ニシユウコ,2014-07-31,838,A5
9784592711117,楽園コミックス,ラクエンコミックス,Collectors 2,白泉社,ハクセンシャ,西UKO,ニシユウコ,2016-12-22,838,A5
9784865894318,Beコミックス,ビーコミックス,百合+カノジョ,ふゅーじょんぷろだくと,フュージョンプロダクト,None,None,2017-12-21,925,A5
9784865894653,Beコミックス,ビーコミックス,百合+カノジョ-好きになってもいい?-,ふゅーじょんぷろだくと,フュージョンプロダクト,None,None,2018-02-23,1200,A5
9784865894943,Beコミックス,ビーコミックス,百合+カノジョ-ヒロイン同士のハッピーエ,ふゅーじょんぷろだくと,フュージョンプロダクト,None,None,2018-05-25,1200,A5
9784832244023,まんがタイムきららコミックス,マンガタイムキララコミックス,SAKURA 1,芳文社,ホウブンシャ,None,None,2014-01-27,933,A5
9784832241879,まんがタイムきららコミックス,マンガタイムキララコミックス,桜Trick 1,芳文社,ホウブンシャ,タチ,タチ,2012-08-27,819,A5
9784832242685,まんがタイムきららコミックス,マンガタイムキララコミックス,桜Trick 2,芳文社,ホウブンシャ,タチ,タチ,2013-02-27,819,A5
9784832243606,まんがタイムきららコミックス,マンガタイムキララコミックス,桜Trick 3,芳文社,ホウブンシャ,タチ,タチ,2013-10-26,819,A5
9784832244108,まんがタイムきららコミックス,マンガタイムキララコミックス,桜Trick 4,芳文社,ホウブンシャ,タチ,タチ,2014-02-27,819,A5
9784832245075,まんがタイムきららコミックス,マンガタイムキララコミックス,桜Trick 5,芳文社,ホウブンシャ,タチ,タチ,2014-12-25,819,A5
9784832246270,まんがタイムきららコミックス,マンガタイムキララコミックス,桜Trick 6,芳文社,ホウブンシャ,タチ,タチ,2015-10-27,819,A5
9784832247567,まんがタイムきららコミックス,マンガタイムキララコミックス,桜Trick 7,芳文社,ホウブンシャ,タチ,タチ,2016-10-27,819,A5
9784832248731,まんがタイムきららコミックス,マンガタイムキララコミックス,桜Trick 8,芳文社,ホウブンシャ,タチ,タチ,2017-09-27,819,A5
9784832246386,まんがタイムきららコミックス,マンガタイムキララコミックス,すわっぷ⇔すわっぷ 1,芳文社,ホウブンシャ,とめきち,トメキチ,2015-11-27,819,A5
9784832247871,まんがタイムきららコミックス,マンガタイムキララコミックス,すわっぷ⇔すわっぷ 2,芳文社,ホウブンシャ,とめきち,トメキチ,2016-12-27,819,A5
9784832249134,まんがタイムきららコミックス,マンガタイムキララコミックス,すわっぷ⇔すわっぷ 3,芳文社,ホウブンシャ,とめきち,トメキチ,2018-01-27,819,A5
9784832241817,まんがタイムきららコミックスつぼみ,マンガタイムキララコミックスツボミ,神さまばかり恋をする 1,芳文社,ホウブンシャ,一花ハナ,イチカハナ,2012-08-10,848,A5
9784832242869,まんがタイムきららコミックスつぼみ,マンガタイムキララコミックスツボミ,神さまばかり恋をする 2,芳文社,ホウブンシャ,一花ハナ,イチカハナ,2013-04-12,848,A5
9784832241954,まんがタイムきららコミックスつぼみ,マンガタイムキララコミックスツボミ,二輪乃花,芳文社,ホウブンシャ,宇河弘樹,ウガワヒロキ,2012-09-12,933,A5
9784832279698,まんがタイムきららコミックスつぼみ,マンガタイムキララコミックスツボミ,共鳴するエコー,芳文社,ホウブンシャ,きぎたつみ,キギタツミ,2010-12-11,848,A5
9784832240742,まんがタイムきららコミックスつぼみ,マンガタイムキララコミックスツボミ,花と星 1,芳文社,ホウブンシャ,鈴菌カリオ,スズキンカリオ,2011-10-12,848,A5
9784832242210,まんがタイムきららコミックスつぼみ,マンガタイムキララコミックスツボミ,花と星 2,芳文社,ホウブンシャ,鈴菌カリオ,スズキンカリオ,2012-11-12,848,A5
9784832279513,まんがタイムきららコミックスつぼみ,マンガタイムキララコミックスツボミ,この靴しりませんか?,芳文社,ホウブンシャ,水谷フーカ,ミズタニフーカ,2010-10-12,848,A5
9784832240544,まんがタイムきららコミックスつぼみ,マンガタイムキララコミックスツボミ,ひみつのレシピ 1,芳文社,ホウブンシャ,森永みるく,モリナガミルク,2011-08-11,848,A5
9784758078931,百合姫コミックス,ユリヒメコミックス,リリウム・テラリウム,一迅社,イチジンシャ,ED,エーディー,2019-01-10,1800,B5
9784781617183,None,None,突然の百合,イースト・プレス,イーストプレス,東河みそ,ヒガシカワミソ,2018-10-06,760,B6
9784758077309,百合姫コミックス,ユリヒメコミックス,パルフェ おねロリ百合アンソロジー,一迅社,イチジンシャ,None,None,2017-09-15,750,B6
9784758078283,百合姫コミックス,ユリヒメコミックス,パルフェ 2 おねロリ百合アンソロジ,一迅社,イチジンシャ,None,None,2018-06-29,750,B6
9784758078467,百合姫コミックス,ユリヒメコミックス,ショコラ 社会人百合アンソロジー,一迅社,イチジンシャ,None,None,2018-07-18,780,B6
9784758079167,百合姫コミックス,ユリヒメコミックス,SHIBUYA ギャル百合アンソロジー,一迅社,イチジンシャ,None,None,2019-02-27,780,B6
9784758078986,百合姫コミックス,ユリヒメコミックス,きみが死ぬまで恋をしたい 1,一迅社,イチジンシャ,あおのなち,アオノナチ,2019-01-18,680,B6
9784758077729,百合姫コミックス,ユリヒメコミックス,透明な薄い水色に,一迅社,イチジンシャ,岩見樹代子,イワミキヨコ,2018-01-18,680,B6
9784758074346,百合姫コミックス,ユリヒメコミックス,2DK、Gペン、目覚まし時計。 1,一迅社,イチジンシャ,大沢やよい,オオサワヤヨイ,2015-06-18,680,B6
9784758075060,百合姫コミックス,ユリヒメコミックス,2DK、Gペン、目覚まし時計。 2,一迅社,イチジンシャ,大沢やよい,オオサワヤヨイ,2015-12-18,680,B6
9784758075688,百合姫コミックス,ユリヒメコミックス,2DK、Gペン、目覚まし時計。 3,一迅社,イチジンシャ,大沢やよい,オオサワヤヨイ,2016-07-16,680,B6
9784758076012,百合姫コミックス,ユリヒメコミックス,完全版 スパイスガールズ,一迅社,イチジンシャ,大沢やよい,オオサワヤヨイ,2016-10-18,680,B6
9784758076463,百合姫コミックス,ユリヒメコミックス,2DK、Gペン、目覚まし時計。 4,一迅社,イチジンシャ,大沢やよい,オオサワヤヨイ,2017-02-17,680,B6
9784758077088,百合姫コミックス,ユリヒメコミックス,2DK、Gペン、目覚まし時計。 5,一迅社,イチジンシャ,大沢やよい,オオサワヤヨイ,2017-07-18,680,B6
9784758077491,百合姫コミックス,ユリヒメコミックス,2DK、Gペン、目覚まし時計。 6,一迅社,イチジンシャ,大沢やよい,オオサワヤヨイ,2017-11-16,680,B6
9784758078115,百合姫コミックス,ユリヒメコミックス,2DK、Gペン、目覚まし時計。 7,一迅社,イチジンシャ,大沢やよい,オオサワヤヨイ,2018-05-18,680,B6
9784758078924,百合姫コミックス,ユリヒメコミックス,2DK、Gペン、目覚まし時計。 8,一迅社,イチジンシャ,大沢やよい,オオサワヤヨイ,2018-12-18,880,B6
9784758078429,百合姫コミックス,ユリヒメコミックス,夢の中で君を探して 1,一迅社,イチジンシャ,織尾あや,オリュウアヤ,2018-07-18,680,B6
9784758075077,百合姫コミックス,ユリヒメコミックス,ラストワルツ 1,一迅社,イチジンシャ,片倉アコ,カタクラアコ,2015-12-18,680,B6
9784758075527,百合姫コミックス,ユリヒメコミックス,ラストワルツ 2,一迅社,イチジンシャ,片倉アコ,カタクラアコ,2016-06-18,680,B6
9784758078122,百合姫コミックス,ユリヒメコミックス,昼下がりに、また。 1,一迅社,イチジンシャ,片倉アコ,カタクラアコ,2018-05-18,680,B6
9784758077859,百合姫コミックス,ユリヒメコミックス,しおりを探すページたち 1,一迅社,イチジンシャ,くもすずめ,クモスズメ,2018-02-16,680,B6
9784758078672,百合姫コミックス,ユリヒメコミックス,しおりを探すページたち 2,一迅社,イチジンシャ,くもすずめ,クモすずめ,2018-09-18,680,B6
9784758074339,百合姫コミックス,ユリヒメコミックス,捏造トラップ-NTR- 1,一迅社,イチジンシャ,コダマナオコ,コダマナオコ,2015-06-18,680,B6
9784758075220,百合姫コミックス,ユリヒメコミックス,完全版 不自由セカイ,一迅社,イチジンシャ,コダマナオコ,コダマナオコ,2016-02-18,680,B6
9784758075282,百合姫コミックス,ユリヒメコミックス,捏造トラップ-NTR- 2,一迅社,イチジンシャ,コダマナオコ,コダマナオコ,2016-03-18,680,B6
9784758075848,百合姫コミックス,ユリヒメコミックス,完全版 コキュートス,一迅社,イチジンシャ,コダマナオコ,コダマナオコ,2016-07-16,680,B6
9784758076159,百合姫コミックス,ユリヒメコミックス,捏造トラップ-NTR- 3,一迅社,イチジンシャ,コダマナオコ,コダマナオコ,2016-11-18,680,B6
9784758076593,百合姫コミックス,ユリヒメコミックス,捏造トラップ-NTR- 4,一迅社,イチジンシャ,コダマナオコ,コダマナオコ,2017-04-18,680,B6
9784758077163,百合姫コミックス,ユリヒメコミックス,捏造トラップ-NTR- 5,一迅社,イチジンシャ,コダマナオコ,コダマナオコ,2017-07-18,1450,B6
9784758077705,百合姫コミックス,ユリヒメコミックス,捏造トラップ-NTR- 6,一迅社,イチジンシャ,コダマナオコ,コダマナオコ,2018-01-18,680,B6
9784758078368,百合姫コミックス,ユリヒメコミックス,親がうるさいので後輩(♀)と偽装結婚して,一迅社,イチジンシャ,コダマナオコ,コダマナオコ,2018-07-18,680,B6
9784758077712,百合姫コミックス,ユリヒメコミックス,恋に煩い,一迅社,イチジンシャ,後藤悠希,ゴトウユウキ,2018-01-18,680,B6
9784758078412,百合姫コミックス,ユリヒメコミックス,Roid-ロイド- 1,一迅社,イチジンシャ,しろし,シロシ,2018-07-18,680,B6
9784758078382,百合姫コミックス,ユリヒメコミックス,君に好きっていわせたい,一迅社,イチジンシャ,竹嶋えく,タケミヤジン,2018-07-18,680,B6
9784758078245,百合姫コミックス,ユリヒメコミックス,モデルちゃんと地味マネさん 1,一迅社,イチジンシャ,たねこ,タネコ,2018-06-18,680,B6
9784758078214,百合姫コミックス,ユリヒメコミックス,行進子犬に恋文を 1,一迅社,イチジンシャ,玉崎たま,タマサキタマ,2018-06-18,680,B6
9784758078894,百合姫コミックス,ユリヒメコミックス,行進子犬に恋文を 2,一迅社,イチジンシャ,玉崎たま,タマサキタマ,2018-12-18,680,B6
9784758078436,百合姫コミックス,ユリヒメコミックス,三日月のカルテ 1,一迅社,イチジンシャ,七坂なな,ナナサカナナ,2018-07-18,680,B6
9784758078252,百合姫コミックス,ユリヒメコミックス,君は少女,一迅社,イチジンシャ,ななつ藤,ナナツフジ,2018-06-18,680,B6
9784758078054,百合姫コミックス,ユリヒメコミックス,徒然日和 1,一迅社,イチジンシャ,土室圭,ハムロケイ,2018-04-18,680,B6
9784758079044,百合姫コミックス,ユリヒメコミックス,徒然日和 2,一迅社,イチジンシャ,土室圭,ハムロケイ,2019-02-18,680,B6
9784758078658,百合姫コミックス,ユリヒメコミックス,ゆりこん 1,一迅社,イチジンシャ,久川はる,ヒサカワハル,2018-09-18,680,B6
9784758078405,百合姫コミックス,ユリヒメコミックス,グッバイ・ディストピア 1,一迅社,イチジンシャ,ひそな,ヒソナ,2018-07-18,680,B6
9784758078900,百合姫コミックス,ユリヒメコミックス,グッバイ・ディストピア 2,一迅社,イチジンシャ,ひそな,ヒソナ,2018-12-18,680,B6
9784758076937,百合姫コミックス,ユリヒメコミックス,私の百合はお仕事です! 1,一迅社,イチジンシャ,未幡,ミマン,2017-06-16,680,B6
9784758077392,百合姫コミックス,ユリヒメコミックス,私の百合はお仕事です! 2,一迅社,イチジンシャ,未幡,ミマン,2017-10-18,680,B6
9784758078061,百合姫コミックス,ユリヒメコミックス,完全版 キミイロ少女,一迅社,イチジンシャ,未幡,ミマン,2018-04-18,680,B6
9784758078047,百合姫コミックス,ユリヒメコミックス,私の百合はお仕事です! 3,一迅社,イチジンシャ,未幡,ミマン,2018-04-18,680,B6
9784758078689,百合姫コミックス,ユリヒメコミックス,私の百合はお仕事です! 4,一迅社,イチジンシャ,未幡,ミマン,2018-11-15,680,B6
9784758078696,百合姫コミックス,ユリヒメコミックス,少女2 完全版,一迅社,イチジンシャ,未幡,ミマン,2018-11-15,680,B6
9784758077866,百合姫コミックス,ユリヒメコミックス,コイゴコロクリップ,一迅社,イチジンシャ,みもと,ミモト,2018-02-16,680,B6
9784758079129,百合姫コミックス,ユリヒメコミックス,スカーレット 1,一迅社,イチジンシャ,結野ちり,ユイノチリ,2019-02-18,680,B6
9784758077514,百合姫コミックス,ユリヒメコミックス,瞬きできない,一迅社,イチジンシャ,雪尾ゆき,ユキオユキ,2017-12-18,680,B6
9784778322489,None,None,淡島百景 1,太田出版,オオタシュッパン,志村貴子,シムラタカコ,2015-04-14,680,B6
9784778322823,None,None,淡島百景 2,太田出版,オオタシュッパン,志村貴子,シムラタカコ,2017-07-25,680,B6
9784778322960,None,None,杉並区立魔法女学園平和維持部,太田出版,オオタシュッパン,吉富昭二,ヨシトミアキヒト,2019-02-26,600,B6
9784048924320,None,None,エクレア あなたに響く百合アンソロジー,KADOKAWA,カドカワ,None,None,2016-11-26,780,B6
9784048929134,None,None,エクレアblanche あなたに響く百合アンソロジー,KADOKAWA,カドカワ,None,None,2017-06-26,850,B6
9784048935593,None,None,エクレアbleue あなたに響く百合アンソロジー,KADOKAWA,カドカワ,None,None,2018-01-26,850,B6
9784048937757,None,None,あの娘と目が合うたび私は 社会人百合アンソロジー,KADOKAWA,カドカワ,None,None,2018-04-27,780,B6
9784049120486,None,None,エクレアrouge あなたに響く百合アンソロジー,KADOKAWA,カドカワ,None,None,2018-09-27,880,B6
9784049123678,None,None,BRIDE's 新婚百合アンソロジー,KADOKAWA,カドカワ,None,None,2019-02-27,750,B6
9784049122398,None,None,好きなのは女の子,KADOKAWA,カドカワ,北尾タキ,キタオタキ,2018-12-25,680,B6
9784047287006,None,None,鳥籠の少女たち,KADOKAWA,カドカワ,クロマメ,クロマメ,2013-02-01,670,B6
9784040665566,MFコミックスalive,エムエフコミックスアライブ,あの娘にキスと白百合を 1,KADOKAWA,カドカワ,缶乃,カンノ,2014-05-23,542,B6
9784040672205,MFコミックスalive,エムエフコミックスアライブ,あの娘にキスと白百合を 2,KADOKAWA,カドカワ,缶乃,カンノ,2014-12-22,542,B6
9784040675381,MFコミックスalive,エムエフコミックスアライブ,あの娘にキスと白百合を 3,KADOKAWA,カドカワ,缶乃,カンノ,2015-06-23,542,B6
9784040682013,MFコミックスalive,エムエフコミックスアライブ,あの娘にキスと白百合を 4,KADOKAWA,カドカワ,缶乃,カンノ,2016-02-23,550,B6
9784040685434,MFコミックスalive,エムエフコミックスアライブ,あの娘にキスと白百合を 5,KADOKAWA,カドカワ,缶乃,カンノ,2016-09-23,550,B6
9784040694405,MFコミックスalive,エムエフコミックスアライブ,あの娘にキスと白百合を 7,KADOKAWA,カドカワ,缶乃,カンノ,2017-09-23,550,B6
9784040698526,MFコミックスalive,エムエフコミックスアライブ,あの娘にキスと白百合を 8,KADOKAWA,カドカワ,缶乃,カンノ,2018-03-23,550,B6
9784040651293,MFコミックスalive,エムエフコミックスアライブ,あの娘にキスと白百合を 9,KADOKAWA,カドカワ,缶乃,カンノ,2018-09-21,550,B6
9784040685823,MFコミックスフラッパーシリーズ,エムエフコミックスフラッパーシリーズ,北陸とらいあんぐる 1,KADOKAWA,カドカワ,ちさこ,チサコ,2016-11-21,600,B6
9784040692999,MFコミックスフラッパーシリーズ,エムエフコミックスフラッパーシリーズ,北陸とらいあんぐる 2,KADOKAWA,カドカワ,ちさこ,チサコ,2017-07-22,600,B6
9784040697741,MFコミックスフラッパーシリーズ,エムエフコミックスフラッパーシリーズ,北陸とらいあんぐる 3,KADOKAWA,カドカワ,ちさこ,チサコ,2018-03-23,600,B6
9784040651958,MFコミックスフラッパーシリーズ,エムエフコミックスフラッパーシリーズ,北陸とらいあんぐる 4,KADOKAWA,カドカワ,ちさこ,チサコ,2018-11-21,600,B6
9784040691183,MFC,エムエフシー,星川銀座四丁目 下,KADOKAWA,カドカワ,玄鉄絢,クロガネケン,2017-03-09,880,B6
9784040691176,MFC,エムエフシー,星川銀座四丁目 上,KADOKAWA,カドカワ,玄鉄絢,クロガネケン,2017-03-09,880,B6
9784040698007,MFC,エムエフシー,同棲生活 わたしを好きってことでしょ,KADOKAWA,カドカワ,さつま揚げ,サツマアゲ,2018-02-22,920,B6
9784040653457,MFC,エムエフシー,今どきの女子高生が何を考えてるかわからなくてつらい,KADOKAWA,カドカワ,ちさこ,チサコ,2019-01-23,600,B6
9784040654195,MFC,エムエフシー,須波優子と百合な人びと,KADOKAWA,カドカワ,綿桐さや,ワタギリサヤ,2019-01-23,600,B6
9784040697857,MFC キューン,エムエフシーキューン,百合ドリル,KADOKAWA,カドカワ,None,None,2018-03-27,650,B6
9784040654164,MFC キューン,エムエフシーキューン,百合ドリル 応用編,KADOKAWA,カドカワ,None,None,2019-02-27,650,B6
9784040654157,MFC キューン,エムエフシーキューン,百合ドリル 難問編,KADOKAWA,カドカワ,None,None,2019-02-27,650,B6
9784040690261,MFC キューン,エムエフシーキューン,明るい記憶喪失 1,KADOKAWA,カドカワ,奥たまむし,オクタマムシ,2017-02-27,600,B6
9784040694290,MFC キューン,エムエフシーキューン,明るい記憶喪失 2,KADOKAWA,カドカワ,奥たまむし,オクタマムシ,2017-09-27,600,B6
9784040697826,MFC キューン,エムエフシーキューン,明るい記憶喪失 3,KADOKAWA,カドカワ,奥たまむし,オクタマムシ,2018-03-26,600,B6
9784040654805,MFC キューン,エムエフシーキューン,明るい記憶喪失 4,KADOKAWA,カドカワ,奥たまむし,オクタマムシ,2019-02-27,600,B6
9784040697000,MFC キューン,エムエフシーキューン,世界で一番おっぱいが好き! 1,KADOKAWA,カドカワ,昆布わかめ,コンブワカメ,2018-02-26,600,B6
9784040681610,MFC キューン,エムエフシーキューン,わたしの友達が世界一かわいい 1,KADOKAWA,カドカワ,三月,ミツキ,2016-03-26,600,B6
9784040691046,MFC キューン,エムエフシーキューン,今日も女の子を攻略した。 1,KADOKAWA,カドカワ,むく,ムク,2017-03-27,600,B6
9784040694306,MFC キューン,エムエフシーキューン,今日も女の子を攻略した。 2,KADOKAWA,カドカワ,むく,ムク,2017-09-27,600,B6
9784040652504,MFCジーンピクシブ,エムエフシージーンピクシブ,女流作家とユキ 1,KADOKAWA,カドカワ,なごり悠,ナゴリユウ,2018-11-26,550,B6
9784041076170,角川コミックス・エース,カドカワコミックスエース,私たちは恋を描けない 1,KADOKAWA,カドカワ,あかまる,アカマル,2018-12-04,580,B6
9784049122381,電撃コミックスNEXT,デンゲキコミックスネクスト,やがて君になる公式コミックアンソロジー,KADOKAWA,カドカワ,None,None,2018-12-25,680,B6
9784048935425,電撃コミックスNEXT,デンゲキコミックスネクスト,籠の少女は恋をする 1,KADOKAWA,カドカワ,川浪いずみ,カワナミイズミ,2018-01-26,570,B6
9784049120066,電撃コミックスNEXT,デンゲキコミックスネクスト,籠の少女は恋をする 2,KADOKAWA,カドカワ,川浪いずみ,カワナミイズミ,2018-09-27,600,B6
9784048933834,電撃コミックスNEXT,デンゲキコミックスネクスト,ストロベリー・フィールズをもう一度 1,KADOKAWA,カドカワ,木野咲カズラ,キノサキカズラ,2017-10-27,570,B6
9784049120158,電撃コミックスNEXT,デンゲキコミックスネクスト,ストロベリー・フィールズをもう一度 2,KADOKAWA,カドカワ,木野咲カズラ,キノサキカズラ,2018-08-27,580,B6
9784048691611,電撃コミックスNEXT,デンゲキコミックスネクスト,シンメトリーズ 1,KADOKAWA,カドカワ,シバユウスケ,シバユウスケ,2015-01-24,570,B6
9784048652193,電撃コミックスNEXT,デンゲキコミックスネクスト,シンメトリーズ 2,KADOKAWA,カドカワ,シバユウスケ,シバユウスケ,2015-07-24,600,B6
9784048933186,電撃コミックスNEXT,デンゲキコミックスネクスト,吸血鬼ちゃん×後輩ちゃん 1,KADOKAWA,カドカワ,嵩乃朔,タカノサク,2017-09-27,570,B6
9784048937320,電撃コミックスNEXT,デンゲキコミックスネクスト,吸血鬼ちゃん×後輩ちゃん 2,KADOKAWA,カドカワ,嵩乃朔,タカノサク,2018-03-24,570,B6
9784049120691,電撃コミックスNEXT,デンゲキコミックスネクスト,吸血鬼ちゃん×後輩ちゃん 3,KADOKAWA,カドカワ,嵩乃朔,タカノサク,2018-09-25,580,B6
9784048654326,電撃コミックスNEXT,デンゲキコミックスネクスト,やがて君になる 1,KADOKAWA,カドカワ,中谷鳰,ナカタニニオ,2015-10-24,570,B6
9784048658751,電撃コミックスNEXT,デンゲキコミックスネクスト,やがて君になる 2,KADOKAWA,カドカワ,中谷鳰,ナカタニニオ,2016-04-26,570,B6
9784048924313,電撃コミックスNEXT,デンゲキコミックスネクスト,やがて君になる 3,KADOKAWA,カドカワ,中谷鳰,ナカタニニオ,2016-11-26,570,B6
9784048929196,電撃コミックスNEXT,デンゲキコミックスネクスト,やがて君になる 4,KADOKAWA,カドカワ,中谷鳰,ナカタニニオ,2017-06-26,570,B6
9784048935418,電撃コミックスNEXT,デンゲキコミックスネクスト,やがて君になる 5,KADOKAWA,カドカワ,中谷鳰,ナカタニニオ,2018-01-26,570,B6
9784049120479,電撃コミックスNEXT,デンゲキコミックスネクスト,やがて君になる 6,KADOKAWA,カドカワ,中谷鳰,ナカタニニオ,2018-09-27,600,B6
9784048934701,電撃コミックスNEXT,デンゲキコミックスネクスト,熱帯魚は雪に焦がれる 1,KADOKAWA,カドカワ,萩埜まこと,ハギノマコト,2017-12-26,570,B6
9784048937221,電撃コミックスNEXT,デンゲキコミックスネクスト,熱帯魚は雪に焦がれる 2,KADOKAWA,カドカワ,萩埜まこと,ハギノマコト,2018-04-27,580,B6
9784049120875,電撃コミックスNEXT,デンゲキコミックスネクスト,熱帯魚は雪に焦がれる 3,KADOKAWA,カドカワ,萩埜まこと,ハギノマコト,2018-08-25,580,B6
9784049122978,電撃コミックスNEXT,デンゲキコミックスネクスト,熱帯魚は雪に焦がれる 4,KADOKAWA,カドカワ,萩埜 まこと,ハギノマコト,2019-01-25,580,B6
9784047353190,ビームコミックス,ビームコミックス,繭、纏う 1,KADOKAWA,カドカワ,原百合子,ハラユリコ,2018-09-12,690,B6
9784049121261,None,None,あなたの側にいると私は 社会人百合アンソロジー,KADOKAWA,カドカワ,None,None,2018-10-25,830,B6
9784344833845,BIRZ comics,バーズコミックス,ふたりべや,幻冬舎,ゲントウシャ,雪子,ユキコ,2015-03-24,630,B6
9784344835832,BIRZ comics,バーズコミックス,ふたりべや 2,幻冬舎,ゲントウシャ,雪子,ユキコ,2015-12-24,630,B6
9784344837553,BIRZ comics,バーズコミックス,ふたりべや 3,幻冬舎,ゲントウシャ,雪子,ユキコ,2016-07-23,630,B6
9784344838604,BIRZ comics,バーズコミックス,おねだりしてみて,幻冬舎,ゲントウシャ,雪子,ユキコ,2016-12-24,630,B6
9784344839441,BIRZ comics,バーズコミックス,ふたりべや 4,幻冬舎,ゲントウシャ,雪子,ユキコ,2017-03-24,630,B6
9784344841161,BIRZ comics,バーズコミックス,ふたりべや 5,幻冬舎,ゲントウシャ,雪子,ユキコ,2017-12-21,630,B6
9784063145182,アフタヌーンKC,アフタヌーンケーシー,オクターヴ 1,講談社,コウダンシャ,秋山はる,アキヤマハル,2008-08-22,533,B6
9784063145519,アフタヌーンKC,アフタヌーンケーシー,オクターヴ 2,講談社,コウダンシャ,秋山はる,アキヤマハル,2009-02-23,543,B6
9784063145847,アフタヌーンKC,アフタヌーンケーシー,オクターヴ 3,講談社,コウダンシャ,秋山はる,アキヤマハル,2009-08-21,543,B6
9784063106329,アフタヌーンKC,アフタヌーンケーシー,オクターヴ 4,講談社,コウダンシャ,秋山はる,アキヤマハル,2010-02-23,543,B6
9784063106879,アフタヌーンKC,アフタヌーンケーシー,オクターヴ 5,講談社,コウダンシャ,秋山はる,アキヤマハル,2010-08-23,543,B6
9784063107272,アフタヌーンKC,アフタヌーンケーシー,オクターヴ 6,講談社,コウダンシャ,秋山はる,アキヤマハル,2011-01-21,543,B6
9784063925067,月刊少年マガジンコミックス,ゲッカンショウネンマガジンコミックス,ハルユリ 1,講談社,コウダンシャ,ななつ藤,ナナツフジ,2016-02-17,600,B6
9784063930672,月刊少年マガジンコミックス,ゲッカンショウネンマガジンコミックス,ハルユリ 2,講談社,コウダンシャ,ななつ藤,ナナツフジ,2016-10-17,600,B6
9784063907261,シリウスKC,シリウスケーシー,かみつき学園 1,講談社,コウダンシャ,キダニエル,キダニエル,2017-08-09,600,B6
9784065135433,モーニングKC,モーニングケーシー,わるいおんなのこ 1,講談社,コウダンシャ,佐久間結衣,サクマユイ,2018-10-10,630,B6
9784065139752,モーニングKC,モーニングケーシー,わるいおんなのこ 2,講談社,コウダンシャ,佐久間結衣,サクマユイ,2018-12-12,630,B6
9784065120651,ヤンマガKC,ヤンマガケーシー,少女支配 1,講談社,コウダンシャ,筒井いつき,ツツイイツキ,2018-07-20,602,B6
9784065135525,ヤンマガKC,ヤンマガケーシー,少女支配 2,講談社,コウダンシャ,筒井いつき,ツツイイツキ,2018-11-20,680,B6
9784814800971,None,None,Avalon,GOT,ジーオーティー,None,None,2018-06-25,890,B6
9784814800988,None,None,Avalon ~bitter~,GOT,ジーオーティー,None,None,2018-06-25,890,B6
9784408414805,Ruelle comics,リュエルコミックス,エデンの処女 1,実業之日本社,ジツギョウノニホンシャ,渡邉嘘海,ワタナベウソミ,2017-11-17,680,B6
9784408414980,Ruelle comics,リュエルコミックス,エデンの処女 2,実業之日本社,ジツギョウノニホンシャ,渡邉嘘海,ワタナベウソミ,2018-05-18,680,B6
9784091282248,サンデーうぇぶりコミックス,サンデーウェブリコミックス,はなにあらし 1,小学館,ショウガクカン,古鉢るか,コバチルカ,2018-04-12,600,B6
9784091284044,サンデーうぇぶりコミックス,サンデーウェブリコミックス,はなにあらし 2,小学館,ショウガクカン,古鉢るか,コバチルカ,2018-07-12,600,B6
9784091287069,サンデーうぇぶりコミックス,サンデーウェブリコミックス,はなにあらし 3,小学館,ショウガクカン,古鉢るか,コバチルカ,2018-11-12,600,B6
9784091288578,サンデーうぇぶりコミックス,サンデーウェブリコミックス,はなにあらし 4,小学館,ショウガクカン,古鉢るか,コバチルカ,2019-02-12,600,B6
9784091287557,裏少年サンデーコミックス,ウラショウネンサンデーコミックス,付き合ってあげてもいいかな 1,小学館,ショウガクカン,たみふる,タミフル,2018-01-18,591,B6
9784785959883,ヤングキングコミックス,ヤングキングコミックス,ブラックリリィと白百合ちゃん 1,少年画報社,ショウネンガホウシャ,鳳まひろ,オオトリマヒロ,2017-04-10,545,B6
9784785960797,ヤングキングコミックス,ヤングキングコミックス,ブラックリリィと白百合ちゃん 2,少年画報社,ショウネンガホウシャ,鳳まひろ,オオトリマヒロ,2017-09-11,565,B6
9784785961749,ヤングキングコミックス,ヤングキングコミックス,ブラックリリィと白百合ちゃん 3,少年画報社,ショウネンガホウシャ,鳳まひろ,オオトリマヒロ,2018-03-10,620,B6
9784785962814,ヤングキングコミックス,ヤングキングコミックス,ブラックリリィと白百合ちゃん 4,少年画報社,ショウネンガホウシャ,鳳まひろ,オオトリマヒロ,2018-09-10,630,B6
9784785963309,ヤングキングコミックス,ヤングキングコミックス,アタシのセンパイ,少年画報社,ショウネンガホウシャ,しおやてるこ,シオヤテルコ,2018-11-15,680,B6
9784403671500,まんがタイムきららコミックスつぼみ,マンガタイムキララコミックスツボミ,終電にはかえします,新書館,シンショカン,雨隠ギド,アマガクレギド,2013-11-30,720,B6
9784757557277,ガンガンコミックスJOKER,ガンガンコミックスジョーカー,ガールズ×セクハライフ 1,スクウェア・エニックス,スクウェアエニックス,河合朗,カワイロウ,2018-05-22,500,B6
9784801964709,バンブーコミックス,バンブーコミックス,できそこないの姫君たち 1,竹書房,タケショボウ,アジイチ,アジイチ,2018-12-21,660,B6
9784537137736,comicフレーバーズ,コミックフレーバーズ,カワイイ私の作り方 1,日本文芸社,ニホンブンゲイシャ,六多いくみ,ロッタイクミ,2018-07-09,600,B6
9784537138795,comicフレーバーズ,コミックフレーバーズ,カワイイ私の作り方 2,日本文芸社,ニホンブンゲイシャ,六多いくみ,ロッタイクミ,2019-02-09,600,B6
9784592148098,ヤングアニマルコミックス,ヤングアニマルコミックス,私は君を泣かせたい 1,白泉社,ハクセンシャ,文尾文,フミオフミ,2017-05-29,600,B6
9784592148104,ヤングアニマルコミックス,ヤングアニマルコミックス,私は君を泣かせたい 2,白泉社,ハクセンシャ,文尾文,フミオフミ,2017-12-26,600,B6
9784592162230,ヤングアニマルコミックス,ヤングアニマルコミックス,私は君を泣かせたい 3,白泉社,ハクセンシャ,文尾文,フミオフミ,2018-07-27,600,B6
9784592710936,楽園コミックス,ラクエンコミックス,純水アドレッセンス 完全版,白泉社,ハクセンシャ,かずまこを,カズマコヲ,2015-12-25,780,B6
9784592711377,楽園コミックス,ラクエンコミックス,純水ルミネッセンス,白泉社,ハクセンシャ,かずまこを,カズマコヲ,2018-07-31,750,B6
9784592711360,楽園コミックス,ラクエンコミックス,君だけが光,白泉社,ハクセンシャ,シギサワカヤ,シギサワカヤ,2018-07-31,750,B6
9784592711155,楽園コミックス,ラクエンコミックス,不条理なあたし達,白泉社,ハクセンシャ,竹宮ジン,タケミヤジン,2017-03-31,740,B6
9784575834376,アクションコミックス,アクションコミックス,GIRL FRIENDS 1,双葉社,フタバシャ,森永みるく,モリナガミルク,2007-12-12,600,B6
9784575835472,アクションコミックス,アクションコミックス,GIRL FRIENDS 2,双葉社,フタバシャ,森永みるく,モリナガミルク,2008-11-12,600,B6
9784575836738,アクションコミックス,アクションコミックス,GIRL FRIENDS 3,双葉社,フタバシャ,森永みるく,モリナガミルク,2009-09-12,600,B6
9784575837803,アクションコミックス,アクションコミックス,GIRL FRIENDS 4,双葉社,フタバシャ,森永みるく,モリナガミルク,2010-06-11,600,B6
9784575838367,アクションコミックス,アクションコミックス,GIRL FRIENDS 5,双葉社,フタバシャ,森永みるく,モリナガミルク,2010-11-12,600,B6
9784575840582,アクションコミックス,アクションコミックス,くちびるためいきさくらいろ 1,双葉社,フタバシャ,森永みるく,モリナガミルク,2012-04-12,600,B6
9784575840599,アクションコミックス,アクションコミックス,くちびるためいきさくらいろ 2,双葉社,フタバシャ,森永みるく,モリナガミルク,2012-04-12,600,B6
9784575847406,アクションコミックス,アクションコミックス,ハナとヒナは放課後 1,双葉社,フタバシャ,森永みるく,モリナガミルク,2016-01-12,620,B6
9784575848120,アクションコミックス,アクションコミックス,ハナとヒナは放課後 2,双葉社,フタバシャ,森永みるく,モリナガミルク,2016-06-11,620,B6
9784575849165,アクションコミックス,アクションコミックス,ハナとヒナは放課後 3,双葉社,フタバシャ,森永みるく,モリナガミルク,2017-01-12,620,B6
9784832236271,芳文社コミックス,ホウブンシャコミックス,夜と海 1,芳文社,ホウブンシャ,郷本,ゴウモト,2018-08-09,590,B6
9784832248052,まんがタイムきららコミックス,マンガタイムキララコミックス,いつか私は、君を裏切る 1,芳文社,ホウブンシャ,桜井瑞希,サクライミズキ,2017-02-17,590,B6
9784832248823,まんがタイムきららコミックス,マンガタイムキララコミックス,いつか私は、君を裏切る 2,芳文社,ホウブンシャ,桜井瑞希,サクライミズキ,2017-10-12,590,B6
9784832249394,まんがタイムきららコミックス,マンガタイムキララコミックス,いつか私は、君を裏切る 3,芳文社,ホウブンシャ,桜井瑞希,サクライミズキ,2018-04-12,590,B6
9784832246744,まんがタイムきららコミックス,マンガタイムキララコミックス,双角カンケイ。 1,芳文社,ホウブンシャ,タチ,タチ,2016-03-12,590,B6
9784832247925,まんがタイムきららコミックス,マンガタイムキララコミックス,双角カンケイ。 2,芳文社,ホウブンシャ,タチ,タチ,2017-01-12,590,B6
9784800008152,BLADE COMICS pixiv,ブレードコミックスピクシブ,Still Sick 1,マッグガーデン,マックガーデン,灯,アカリ,2018-12-10,590,B6
9784800008237,BLADE COMICS pixiv,ブレードコミックスピクシブ,さよならローズガーデン 1,マッグガーデン,マックガーデン,毒田ペパ子,ドクターペパコ,2019-01-10,600,B6
9784063959048,講談社コミックス,コウダンシャコミックス,将来的に死んでくれ 1,講談社,コウダンシャ,長門知大,ナガトチヒロ,2017-04-07,429,新書
9784065101957,講談社コミックス,コウダンシャコミックス,将来的に死んでくれ 2,講談社,コウダンシャ,長門知大,ナガトチヒロ,2017-09-08,429,新書
9784065109625,講談社コミックス,コウダンシャコミックス,将来的に死んでくれ 3,講談社,コウダンシャ,長門知大,ナガトチヒロ,2018-02-09,429,新書
9784065117897,講談社コミックス,コウダンシャコミックス,将来的に死んでくれ 4,講談社,コウダンシャ,長門知大,ナガトチヒロ,2018-07-09,440,新書
9784065134825,講談社コミックス,コウダンシャコミックス,将来的に死んでくれ 5,講談社,コウダンシャ,長門知大,ナガトチヒロ,2018-12-07,440,新書
9784041079973,角川コミックス,カドカワコミックス,不揃いの連理 1,KADOKAWA,カドカワ,みかん氏,ミカンウジ,2019-03-14,780,A5
9784065151914,モーニングKC,モーニングケーシー,わるいおんなのこ 3,講談社,コウダンシャ,佐久間結衣,サクマユイ,2019-03-13,630,B6
9784785963989,ヤングキングコミックス,ヤングキングコミックス,リリィシステム,少年画報社,ショウネンガホウシャ,吉富昭二,ヨシトミアキヒト,2019-03-11,680,B6
9784758079198,百合姫コミックス,ユリヒメコミックス,ゆりこん 2,一迅社,イチジンシャ,久川はる,ヒサカワハル,2019-03-18,680,B6
9784758079211,百合姫コミックス,ユリヒメコミックス,ルミナス=ブルー 1,一迅社,イチジンシャ,岩見樹代子,イワミキヨコ,2019-03-18,680,B6
9784758079229,百合姫コミックス,ユリヒメコミックス,マカロン アイドル百合アンソロジー,一迅社,イチジンシャ,None,None,2019-03-29,780,B6
9784758078689,百合姫コミックス,ユリヒメコミックス,ユリキュール アルコール百合アンソロジー,一迅社,イチジンシャ,None,None,2019-03-29,900,A5
9784040656069,MFコミックスalive,エムエフコミックスアライブ,あの娘にキスと白百合を 10,KADOKAWA,カドカワ,缶乃,カンノ,2019-03-23,1500,B6
9784049124422,電撃コミックスNEXT,デンゲキコミックスネクスト,吸血鬼ちゃん×後輩ちゃん 4,KADOKAWA,カドカワ,嵩乃朔,タカノサク,2019-03-24,570,B6
9784396791315,フィールコミックスジャム,フィールコミックスジャム,定時にあがれたら 1,祥伝社,ショウデンシャ,犬井あゆ,イヌイアユ,2019-04-08,880,A5
9784758079037,百合姫コミックス,ユリヒメコミックス,いとしこいし 1,一迅社,イチジンシャ,竹宮ジン,タケミヤジン,2019-01-18,680,B6
9784866750576,メテオCOMICS,メテオコミックス,春とみどり 1,フレックスコミックス,フレックスコミックス,深海紺,フカウミウミ,2019-04-11,630,B6
9784040731315,None,None,バリキャリと新卒,KADOKAWA,カドカワ,えすえす,エスエス,2019-04-15,900,A5
9784049124934,電撃コミックスNEXT,デンゲキコミックスネクスト,やがて君になる 7,KADOKAWA,カドカワ,仲谷鳰,ナカタニニオ,2019-04-26,650,B6
9784758079303,百合姫コミックス,ユリヒメコミックス,レズ風俗アンソロジー,一迅社,イチジンシャ,None,None,2019-04-26,680,B6
9784785964313,ヤングキングコミックス,ヤングキングコミックス,イブのおくすり,少年画報社,ショウネンガホウシャ,FLOWERCHILD,フラワーチャイルド,2019-05-10,650,B6
9784065134825,講談社コミックス,コウダンシャコミックス,将来的に死んでくれ 6,講談社,コウダンシャ,長門知大,ナガトチヒロ,2019-05-09,450,新書
9784758079273,百合姫コミックス,ユリヒメコミックス,月と恋は満ちれば欠ける。,一迅社,イチジンシャ,トクヲツム,トクヲツム,2019-04-18,852,A5
9784758079341,百合姫コミックス,ユリヒメコミックス,ワンナイトフレンド,一迅社,イチジンシャ,かやこ,カヤコ,2019-05-16,680,B6
9784758079421,百合姫コミックス,ユリヒメコミックス,三日月のカルテ 2,一迅社,イチジンシャ,七坂なな,ナナサカナナ,2019-05-16,680,B6
9784408415246,Ruelle comics,リュエルコミックス,エデンの処女 3,実業之日本社,ジツギョウノニホンシャ,渡邉嘘海,ワタナベウソミ,2019-05-16,680,B6
9784049124941,電撃コミックスNEXT,デンゲキコミックスネクスト,籠の少女は恋をする 3,KADOKAWA,カドカワ,川浪いずみ,カワナミイズミ,2019-04-26,680,B6
9784758074100,百合姫コミックス,ユリヒメコミックス,倒錯少女症候群,一迅社,イチジンシャ,shimazaki,シマザキ,2015-04-18,852,B6
9784091292162,サンデーうぇぶりコミックス,サンデーウェブリコミックス,はなにあらし 5,小学館,ショウガクカン,古鉢るか,コバチルカ,2018-05-10,600,B6
9784040657127,None,None,理想と恋,KADOKAWA,カドカワ,日野雄飛,ヒノヨウヘ,2019-04-22,630,B6
9784049125009,None,None,花香るとき、貴方は。 社会人百合アンソロジー,KADOKAWA,カドカワ,None,None,2019-04-27,780,B6
9784575853094,アクションコミックス,アクションコミックス,社会人百合アンソロジー シロップ,双葉社,フタバシャ,None,None,2019-05-11,780,B6
9784781617893,None,None,仕事の後は恋しよう,イーストプレス,イーストプレス,岩下継,イワシタケイ,2019-06-07,800,B6
9784758079419,百合姫コミックス,ユリヒメコミックス,すれ違い巨大感情百合アンソロジー,一迅社,イチジンシャ,None,None,2019-05-31,900,B6
9784758079297,百合姫コミックス,ユリヒメコミックス,ショコラ2 社会人百合アンソロジー,一迅社,イチジンシャ,none,none,2019-04−26,780,B6
9784758079396,百合姫コミックス,ユリヒメコミックス,屋上ぴかぴかロマンス 完全版,一迅社,イチジンシャ,大沢やよい,オオサワヤヨイ,2019-05-16,680,B6
9784758079389,百合姫コミックス,ユリヒメコミックス,ストレンジベイビーズ 完全版,一迅社,イチジンシャ,大沢やよい,オオサワヤヨイ,2019-05-16,680,B6
9784758079266,百合姫コミックス,ユリヒメコミックス,海猫荘days 1,一迅社,イチジンシャ,コダマナオコ,コダマナオコ,2019-05-16,680,B6
9784091292353,裏少年サンデーコミックス,ウラショウネンサンデーコミックス,付き合ってあげてもいいかな 2,小学館,ショウガクカン,たみふる,タミフル,2018-06-12,591,B6
9784758079501,百合姫コミックス,ユリヒメコミックス,ささやくように恋を唄う 1,一迅社,イチジンシャ,竹嶋えく,タケシマエク,2019-06-18,680,B6
9784758079518,百合姫コミックス,ユリヒメコミックス,グッバイ・ディストピア 3,一迅社,イチジンシャ,ひそな,ヒソナ,2019-06-18,680,B6
9784758079532,百合姫コミックス,ユリヒメコミックス,ガラスの靴を脱ぎ捨てて,一迅社,イチジンシャ,桐山はるか,キリヤマハルカ,2019-06-18,680,B6
9784758079556,百合姫コミックス,ユリヒメコミックス,NTR 　寝取られ百合アンソロジー,一迅社,イチジンシャ,None,None,2019-06-28,852,A5
9784049125917,電撃コミックスNEXT,デンゲキコミックスネクスト,熱帯魚は雪に焦がれる 5,KADOKAWA,カドカワ,萩埜まこと,ハギノマコト,2019-06-27,650,B6
9784758079549,百合姫コミックス,ユリヒメコミックス,カヌレ スール百合アンソロジー,一迅社,イチジンシャ,None,None,2019-06-28,780,B6
9784758079631,百合姫コミックス,ユリヒメコミックス,マーメイドライン 完全版,一迅社,イチジンシャ,金田一蓮十郎,キンダイチレンジュウロウ,2019-07-12,680,B6
9784832236851,芳文社コミックス,ホウブンシャコミックス,夜と海 2,芳文社,ホウブンシャ,郷本,ゴウモト,2019-07-16,620,B6
9784758079648,百合姫コミックス,ユリヒメコミックス,君が死ぬまで恋をしたい 2,一迅社,イチジンシャ,あおのなち,アオノナチ,2019-07-18,680,B6
9784758079655,百合姫コミックス,ユリヒメコミックス,割り切った関係ですから。 1,一迅社,イチジンシャ,FLOWERCHILD,フラワーチャイルド,2019-07-18,680,B6
9784801966635,バンブーコミックス,バンブーコミックス,できそこないの姫君たち 2,竹書房,タケショボウ,アジイチ,アジイチ,2019-06-28,660,B6
9784041083543,角川コミックスA,カドカワコミックスエース,私以外人類全員百合 1,KADOKAWA,カドカワ,晴瀬ひろき,ハルセヒロキ,2019-06-25,620,B6
9784864686518,ヒーローズコミックス,ヒーローズコミックス,神絵師JKとOL腐女子 1,小学館クリエイティブ,ショウガクカンクリエイティブ,さと,サト,2019-06-14,650,B6
9784047357143,None,None,憎らしいほど愛してる,KADOKAWA,カドカワ,ユニ,ユニ,2019-07-30,680,B6
9784049126600,None,None,私が酔いしれるのは、夏の陽射しと貴方だけ。 社会人百合アンソロジー,KADOKAWA,カドカワ,None,None,2019-07-26,830,B6
9784814802043,None,None,Avalon ~bloom~,GOT,ジーオーティー,None,None,2019-07-31,917,B6
9784814802050,None,None,Avalon Alter ~karma~,GOT,ジーオーティー,None,None,2019-07-31,917,B6
9784047357082,ビームコミックス,ビームコミックス,繭、纏う 2,KADOKAWA,カドカワ,原百合子,ハラユリコ,2019-08-10,720,B6
9784575853391,アクションコミックス,アクションコミックス,禁断×百合アンソロジー シロップ[secret],双葉社,フタバシャ,None,None,2019-08-08,780,B6
9784800008848,BLADE COMICS pixiv,ブレードコミックスピクシブ,Still Sick 2,マッグガーデン,マックガーデン,灯,アカリ,2018-08-09,600,B6
9784800008831,BLADE COMICS pixiv,ブレードコミックスピクシブ,さよならローズガーデン 2,マッグガーデン,マックガーデン,毒田ペパ子,ドクターペパコ,2019-08-09,630,B6
9784758078917,百合姫コミックス,ユリヒメコミックス,羽山先生と寺野先生は付き合っている 1,一迅社,イチジンシャ,黄井ぴかち,オオイピカチ,2018-12-18,680,B6
9784758079723,百合姫コミックス,ユリヒメコミックス,羽山先生と寺野先生は付き合っている 2,一迅社,イチジンシャ,黄井ぴかち,オオイピカチ,2019-08-16,680,B6
9784091575739,サンデーGXコミックス,サンデージーエックスコミックス,ヴァンピアーズ 1,小学館,ショウガクカン,アキリ,アキリ,2019-08-19,600,B6
9784065154243,モーニングKC,モーニングケーシー,わるいおんなのこ 4,講談社,コウダンシャ,佐久間結衣,サクマユイ,2019-05-07,630,B6
9784403671814,ひらり、コミックス,ヒラリコミックス,山田と加瀬さん。 1,新書館,シンショカン,高嶋ひろみ,タカシマヒロミ,2019-07-25,850,A5
978425323961,チャンピョンREDコミックス,チャンピョンレッドコミックス,当て馬カノジョ 1,秋田書店,アキタショテン,鈴菌カリオ,スズキンカリオ,2019-08-20,600,B6
9784758079686,百合姫コミックス,ユリヒメコミックス,教師×生徒の百合アンソロジー,一迅社,イチジンシャ,None,None,2019-07-31,900,A5
9784758068208,REXコミックス,レックスコミックス,今日、小柴葵に会えたら。 1,一迅社,イチジンシャ,フライ,フライ,2019-07-29,620,B6
9784758079679,百合姫コミックス,百合姫コミックス,異世界転生百合アンソロジー,一迅社,イイチジンシャ,None,None,2019-07-31,900,A5
9784758079754,百合姫コミックス,ユリヒメコミックス,ゆるゆり 17,一迅社,イチジンシャ,なもり,ナモリ,2019-08-29,1143,A5
9784344843226,BIRZ comics,バーズコミックス,ふたりべや 6,幻冬舎,ゲントウシャ,雪子,ユキコ,2018-10-24,630,B6
9784088820934,ジャンプコミックス+,ジャンプコミックスプラス,隣の部屋から喘ぎ声がするんですけど… 1,集英社,シュウエイシャ,鈴木先輩,スズキセンパイ,2019-09-04,600,B6
9784814802111,girls×garden comics,ガールズガーデンコミックス,レゾナンスブルー,GOT,ジーオーティー,ヨルモ,ヨルモ,2019-08-30,800,B6
9784814802128,girls×garden comics,ガールズガーデンコミックス,包帯少女期間,GOT,ジーオーティー,須藤佑実,スドウユミ,2019-08-30,800,B6
9784866252230,Lilie comics,リーリエコミックス,百合と声と風纏い 1,道玄坂書房,ドウゲンザカショボウ,蓮冥,レンメイ,2019-09-17,680,B6
9784758079792,百合姫コミックス,ユリヒメコミックス,それは春の嵐のように 1,一迅社,イチジンシャ,くるくる姫,クルクルヒメ,2019-09-18,852,A5
9784040658476,MFコミックスフラッパーシリーズ,エムエフコミックスフラッパーシリーズ,北陸とらいあんぐる 5,KADOKAWA,カドカワ,ちさこ,チサコ,2019-07-23,630,B6
9784049123548,it comics,イットコミックス,世界の終わりと魔女の恋 1,KADOKAWA,カドカワ,KUJIRA,クジラ,2019-04-15,680,B6
9784049127812,None,None,茜さす恋心を、紅く染めてほしいの貴方に。 社会人百合アンソロジー,KADOKAWA,カドカワ,None,None,2019-09-27,830,B6
9784253132534,少年チャンピオン・コミックス・タップ!,ショウネンチャンピオンコミックスタップ,フラグタイム 1,秋田書店,アキタショテン,さと,サト,2014-03-07,680,B6
9784253132541,少年チャンピオン・コミックス・タップ!,ショウネンチャンピオンコミックスタップ,フラグタイム 2,秋田書店,アキタショテン,さと,サト,2014-11-07,680,B6
9784049127492,None,None,青春バンド百合アンソロジー 奏,KADOKAWA,カドカワ,None,None,2019-09-27,750,B6
9784592711568,楽園コミックス,ラクエンコミックス,メジロバナの咲く 1,白泉社,ハクセンシャ,中村明日美子,ナカムラアスミコ,2019-09-30,700,B6
9784758079815,百合姫コミックス,ユリヒメコミックス,ゆりゆり 2,一迅社,,なもり,ナモリ,2019-09-27,852,A5
9784832236455,芳文社コミックス,ホウブンシャコミックス,伊勢さんと志摩さん 1,芳文社,ホウブンシャ,トクヲツム,トクヲツム,2018-11-15,590,B6
9784396791445,フィールコミックスジャム,フィールコミックスジャム,定時にあがれたら 2,犬山あゆ,イヌヤマアユ,祥伝社,ショウデンシャ,2019-10-08,880,A5
9784040653549,None,None,百合な片想いちゃん,KADOKAWA,カドカワ,ゆりかご,ユリカゴ,2019-10-04,1000,A5
9784065175880,KC Kiss,ケーシーキス,おとなになっても 1,講談社,コウダンシャ,志村貴子,シムラタカコ,2019-10-11,440,新書
9784866252247,Lilie comics,リーリエコミックス,相方システム 1,道玄坂書房,ドウゲンザカショボウ,袴田めら,ハカマダメラ,2019-10-11,680,B6
9784866750774,メテオCOMICS,メテオコミックス,春とみどり 2,フレックスコミックス,フレックスコミックス,深海紺,フカウミウミ,2019-10-11,630,B6
9784758079877,百合姫コミックス,ユリヒメコミックス,ハロー、メランコリック! 1,一迅社,イチジンシャ,大沢やよい,オオサワヤヨイ,2019-10-18,680,B6
9784758079860,百合姫コミックス,ユリヒメコミックス,ルミナス=ブルー 2,一迅社,イチジンシャ,岩見樹代子,イワミキヨコ,2019−10-18,680,B6
9784758079884,百合姫コミックス,ユリヒメコミックス,徒然日和 3,一迅社,イチジンシャ,土室圭,ハムロケイ,2019−10-18,680,B6
9784758066839,百合姫コミックス,ユリヒメコミックス,終電で帰さない、たった1つの方法 2,一迅社,イチジンシャ,トクヲツム,トクヲツム,2017−07-18,819,A5
9784758066839,百合姫コミックス,ユリヒメコミックス,終電で帰さない、たった1つの方法 1,一迅社,イチジンシャ,トクヲツム,トクヲツム,2016−09-17,819,A5
9784065173084,講談社コミックス,コウダンシャコミックス,将来的に死んでくれ 7,講談社,コウダンシャ,長門知大,ナガトチヒロ,2019-11-08,450,新書
9784575853773,アクションコミックス,ゲッカンアクションコミックス,初夜百合アンソロジー シロップ [NIGHT],双葉社,フタバシャ,None,None,2019-11-12,780,B6
9784040640761,MFCジーンピクシブ,エムエフシージーンピクシブ,疲れ切った女が死ぬほど癒やされるために。,KADOKAWA,カドカワ,山口えいと,ヤマグチエイト,2019-10-26,580,B6
9784758079952,百合姫コミックス,ユリヒメコミックス,citrus+ 1,一迅社,イチジンシャ,サブロウタ,サブロウタ,2019-11-18,950,A5
9784758079938,百合姫コミックス,ユリヒメコミックス,ぼくは、百合なお姉ちゃんを応援しています,一迅社,イチジンシャ,あおい響,アオイヒビキ,2019-11-18,680,B6
9784758079914,百合姫コミックス,ユリヒメコミックス,きたない君がいちばんかわいい 1,一迅社,イチジンシャ,まにお,マニオ,2019-11-18,680,B6
9784091294739,サンデーうぇぶりコミックス,サンデーウェブリコミックス,はなにあらし 6,小学館,ショウガクカン,古鉢るか,コバチルカ,2019ｰ11ｰ12,600,B6
9784049128857,電撃コミックスNEXT,デンゲキコミックスネクスト,彼女のイデア 1,KADOKAWA,カドカワ,冬芽沙也,フユメサヤ,2019-11-09,650,B6
9784758079495,百合姫コミックス,ユリヒメコミックス,行進子犬に恋文を 3,一迅社,イチジンシャ,玉崎たま,タマサキタマ,2019-06-18,680,B6
9784758079488,百合姫コミックス,ユリヒメコミックス,私の百合はお仕事です! 5,一迅社,イチジンシャ,未幡,ミマン,2019-06-18,680,B6
9784778322984,None,None,淡島百景 3,太田出版,オオタシュッパン,志村貴子,シムラタカコ,2019-03-14,780,B6
9784049128697,電撃コミックスNEXT,デンゲキコミックスネクスト,やがて君になる 8,KADOKAWA,カドカワ,仲谷鳰,ナカタニニオ,2019-11-27,680,B6
9784049128703,電撃コミックスNEXT,デンゲキコミックスネクスト,安達としまむら 1,KADOKAWA,カドカワ,柚原もけ,ユズハラモケ,2019-11-27,650,B6
9784049128666,None,None,エクレア orange あなたに響く百合アンソロジー,KADOKAWA,カドカワ,None,None,2019-11-27,950,B6
9784344845596,BIRZコミックス,バーズコミックス,ふたりべや 7,幻冬舎,ゲントウシャ,雪子,ユキコ,2019-11-22,630,B6
9784785962807,ヤングキングコミックス,ヤングキングコミックス,とどのつまりの有頂天 1,少年画報社,ショウネンガホウシャ,あらた伊里,アラタイリ,2018-09-10,585,B6
9784785964672,ヤングキングコミックス,ヤングキングコミックス,とどのつまりの有頂天 2,少年画報社,ショウネンガホウシャ,あらた伊里,アラタイリ,2019-07-10,600,B6
9784041088432,角川コミックス,カドカワコミックス,不揃いの連理 2,KADOKAWA,カドカワ,みかん氏,ミカンウジ,2019-12-09,780,A5
9784091295002,裏少年サンデーコミックス,ウラショウネンサンデーコミックス,付き合ってあげてもいいかな 3,小学館,ショウガクカン,たみふる,タミフル,2019-12-12,591,B6
9784049127621,it comics,イットコミックス,世界の終わりと魔女の恋 2,KADOKAWA,カドカワ,KUJIRA,クジラ,2019-12-13,680,B6
9784396791476,FC Jam,フィールコミックスジャム,月とすっぴん 1,祥伝社,ショウデンシャ,アケガタユウ,アケガタユウ,2019-12-07,880,A5
9784758020640,百合姫コミックス,ユリヒメコミックス,きみのために世界はある,一迅社,イチジンシャ,雨水汐,ウスイシオ,2019-12-18,852,A5
9784758020657,百合姫コミックス,ユリヒメコミック,スカーレット 2,一迅社,イチジンシャ,結野ちり,ユイノチリ,2019-12-18,680,B6
9784049129311,電撃コミックスNEXT,デンゲキコミックスネクスト,熱帯魚は雪に焦がれる 6,KADOKAWA,カドカワ,萩埜まこと,ハギノマコト,2019-12-27,650,B6
9784040642468,BRIDGE COMICS,ブリッジコミックス,マイ・ブロークン・マリコ,KADOKAWA,カドカワ,平庫ワカ,ヒラコワカ,2020-01-08,650,B6
9784253142366,ヤングチャンピオン・コミックス,ヤングチャンピオンコミックス,上伊那ぼたん、酔へる姿は百合の花 1,秋田書店,アキタショテン,塀,ヘイ,2020-01-20,600,B6
9784040642840,MFコミックスフラッパーシリーズ,エムエフコミックスフラッパーシリーズ,恋する名画 1,KADOKAWA,カドカワ,みもと,ミモト,2020-01-23,600,B6
9784091575845,サンデーGXコミックス,サンデージーエックスコミックス,ヴァンピアーズ 2,小学館,ショウガクカン,アキリ,アキリ,2020-01-17,600,B6
9784758020763,百合姫コミックス,ユリヒメコミックス,欠けた月とドーナツ 1,一迅社,イチジンシャ,雨水汐,ウスイシオ,2020-01-17,852,A5
9784758020749,百合姫コミックス,ユリヒメコミックス,ささやくように恋を唄う 2,一迅社,イチジンシャ,竹嶋えく,タケシマエク,2020-01-17,680,B6
9784758020862,百合姫コミックス,ユリヒメコミックス,海猫荘days 2,一迅社,イチジンシャ,コダマナオコ,コダマナオコ,2020-01-17,680,B6
9784049129748,電撃コミックスNEXT,デンゲキコミックスネクスト,一度だけでも、後悔してます。 1,KADOKAWA,カドカワ,宮原都,ミヤハラミヤコ,2020-01-27,650,B6
9784776750840,MISSY百合コミックス,ミッシーユリコミックス,新装版 とろとろ姫あわせ,宙出版,オオゾラシュッパン,長倉けいこ,ナガクラケイコ,2020-01-28,680,B6
9784776750857,MISSY百合コミックス,ミッシーユリコミックス,新装版 モモイロデイズ,宙出版,オオゾラシュッパン,蒼井はな,アオイハナ,2020-01-28,680,B6
9784040642888,MFC キューン,エムエフシーキューン,百合ドリル 自由研究編,KADOKAWA,カドカワ,None,None,2020-01-27,680,B6
9784049129861,電撃コミックスNEXT,デンゲキコミックスネクスト,病月 1,KADOKAWA,カドカワ,箕田海道,ミノタカイドウ,2020-01-27,650,B6
9784832240926,まんがタイムきららコミックスつぼみ,マンガタイムキララコミックスツボミ,ロンリーウルフ・ロンリーシープ,芳文社,ホウブンシャ,水谷フーカ,ミズタニフーカ,2011-12-12,848,A5
9784088822419,ジャンプコミックス+,ジャンプコミックスプラス,隣の部屋から喘ぎ声がするんですけど… 2,集英社,シュウエイシャ,鈴木先輩,スズキセンパイ,2020-02-04,630,B6
9784088821863,ジャンプコミックス+,ジャンプコミックスプラス,すいとーと! 1,集英社,シュウエイシャ,沖野ユイ,オキノユイ,2020-02-04,622200,B6
9784801968554,バンブーコミックス,バンブーコミックス,できそこないの姫君たち 3,竹書房,竹書房,アジイチ,アジイチ,2020-01-30,660,B6
9784049129687,電撃コミックスNEXT,デンゲキコミックスネクスト,ユニコーンと寂しがりや少女 1,KADOKAWA,カドカワ,藤松盟,フジマツメイ,2020-01-27,650,B6
9784049130669,None,None,SQ 君の名前から始まる,KADOKAWA,カドカワ,壇九,タンジュウ,2020-02-10,1200,B6
9784800009364,BLADE COMICS pixiv,ブレードコミックスピクシブ,さよならローズガーデン 3,マッグガーデン,マッグガーデン,毒田ペパ子,ドクターペパコ,2020-02-07,620,B6
9784758076029,百合姫コミックス,ユリヒメコミックス,リンゲージ 完全版,一迅社,イチジンシャ,倉田嘘,クラタウソ,2016-10-18,680,B6
9784758076005,百合姫コミックス,ユリヒメコミックス,課金済ガールフレンド,一迅社,イチジンシャ,沼地どろまる,ヌマチドロマル,2016-10-18,680,B6
9784040645346,MFC,エムエフシー,主従百合アンソロジー Rhodanthe,KADOKAWA,カドカワ,None,None,2020-02-22,680,B6
9784823600272,girls×garden,ガールズガーデンコミックス,Qualia Envy,GOT,ジーオーティー,None,None,2020-02-29,890,B6
9784823600289,girls×garden,ガールズガーデンコミックス,Qualia Jealousy,GOT,ジーオーティー,None,None,2020-02-29,890,B6
9784040643601,MFC キューン,エムエフシーキューン,明るい記憶喪失 5,KADOKAWA,カドカワ,奥たまむし,オクタマムシ,2020-02-28,630,B6
9784396791513,FC Jam,フィールコミックスジャム,ヒトゴトですから! 1,祥伝社,ショウデンシャ,ユニ,ユニ,2020-03-06,680,B6
9784396791537,FC Jam,フィールコミックスジャム,月とすっぴん 2,祥伝社,ショウデンシャ,アケガタユウ,アケガタユウ,2020-03-06,880,A5
9784396791520,FC Jam,フィールコミックスジャム,定時にあがれたら 3,祥伝社,ショウデンシャ,犬井あゆ,イヌイアユ,2020-03-06,880,A5
9784065188330,ヤングマガジン,ヤングマガジン,この愛を終わらせてくれないか 1,講談社,コウダンシャ,筒井いつき,ツツイイツキ,2020-03-11,660,B6
9784047358584,BEAM COMIX,ビームコミックス,水野と茶山 上,KADOKAWA,カドカワ,西尾雄太,ニシオユウタ,2020-01-11,720,B6
9784047358591,BEAM COMIX,ビームコミックス,水野と茶山 下,KADOKAWA,カドカワ,西尾雄太,ニシオユウタ,2020-01-11,720,B6
9784065189481,KC Kiss,ケーシーキス,おとなになっても 2,講談社,コウダンシャ,志村貴子,シムラタカコ,2020-03-13,450,新書
9784866252315,Lilie comics,リーリエコミックス,百合と声と風纏い 2,道玄坂書房,ドウゲンザカショボウ,蓮冥,レンメイ,2020-03-13,680,B6
9784758021029,百合姫コミックス,ユリヒメコミックス,双子百合えっちアンソロジー,一迅社,イチジンシャ,None,None,2020-03-27,900,A5
9784049131130,電撃コミックNEXT,デンゲキコミックスネクスト,やがて君になる公式コミックアンソロジー 2,KADOKAWA,カドカワ,None,None,2020-03-26,650,B6
9784758021012,百合姫コミックス,ユリヒメコミックス,割り切った関係ですから。 2,一迅社,イチジンシャ,FLOWERCHILD,フラワーチャイルド,2020-03-18,680,B6
9784758068550,百合姫コミックス,ユリヒメコミックス,イケメン女と箱入り娘 1,一迅社,イチジンシャ,majoccoid,マジョッコイド,2020-03-27,630,B6
9784575854404,月刊アクションコミックス,ゲッカンアクションコミックス,初夜百合アンソロジー シロップ[HONEY],双葉社,フタバシャ,None,None,2020-04-27,780,B6
9784040645698,MFコミックスフラッパーシリーズ,エムエフコミックスフラッパーシリーズ,悪戯プライバシー,KADOKAWA,カドカワ,ちこれ,チコレ,2020-04-23,630,B6
9784098500956,裏少年サンデーコミックス,ウラショウネンサンデーコミックス,付き合ってあげてもいいかな 4,小学館,ショウガクカン,たみふる,タミフル,2020-04-10,591,B6
9784758021111,百合姫コミックス,ユリヒメコミックス,モデルちゃんと地味マネさん 2,一迅社,イチジンシャ,たねこ,タネコ,2020-04-16,680,B6
9784091575951,サンデーGXコミックス,サンデージーエックスコミックス,ヴァンピアーズ 3,小学館,ショウガクカン,アキリ,アキリ,2020-05-19,600,B6
9784592711681,楽園コミックス,ラクエンコミックス,不条理なあたし達 2,白泉社,ハクセンシャ,竹宮ジン,タケミヤジン,2020-04-30,770,B6
9784758021166,百合姫コミックス,ユリヒメコミックス,ストロング! アルコール百合アンソロジー,一迅社,イチジンシャ,None,None,2020-05-18,900,A5
9784758021173,百合姫コミックス,ユリヒメコミックス,ストロベリーパルフェ おねロリ百合アンソロジー,一迅社,イチジンシャ,None,None,2020-05-18,900,A5
